{"stats":{"minecraft:custom":{"minecraft:mob_kills":4,"minecraft:leave_game":26,"minecraft:time_since_death":18296,"minecraft:sprint_one_cm":930697,"minecraft:walk_one_cm":668959,"minecraft:drop":206,"minecraft:talked_to_villager":10,"minecraft:sneak_time":7792,"minecraft:deaths":140,"minecraft:walk_under_water_one_cm":43120,"minecraft:jump":4839,"minecraft:walk_on_water_one_cm":27272,"minecraft:play_one_minute":500469,"minecraft:time_since_rest":18318,"minecraft:damage_taken":630,"minecraft:damage_dealt":8014,"minecraft:interact_with_beacon":2,"minecraft:swim_one_cm":12753,"minecraft:fly_one_cm":7231393,"minecraft:open_chest":13,"minecraft:crouch_one_cm":15474,"minecraft:fall_one_cm":29840},"minecraft:killed":{"minecraft:wandering_trader":1,"minecraft:villager":3},"minecraft:mined":{"minecraft:end_stone":7,"minecraft:grass_block":57,"minecraft:warped_sign":2,"minecraft:blue_wool":3,"minecraft:fire":17,"minecraft:stone":15,"minecraft:tall_grass":4,"minecraft:cobblestone":3,"minecraft:grass":14,"minecraft:dirt":129},"minecraft:used":{"minecraft:stone_sword":2,"minecraft:crimson_fence":2,"minecraft:iron_shovel":5,"minecraft:orange_concrete":6,"minecraft:flint_and_steel":6,"minecraft:red_concrete":46,"minecraft:redstone":18,"minecraft:oak_sign":35,"minecraft:chest":2,"minecraft:brown_concrete":17,"minecraft:stone":101,"minecraft:warped_sign":4,"minecraft:oak_door":3,"minecraft:dirt":34,"minecraft:blue_stained_glass":8,"minecraft:golden_shovel":183,"minecraft:acacia_button":5,"minecraft:blue_concrete":41,"minecraft:glass":47,"minecraft:wooden_axe":20,"minecraft:lava_bucket":5,"minecraft:iron_block":535,"minecraft:grass_block":302,"minecraft:warped_fence":52,"minecraft:smooth_quartz":10,"minecraft:dark_oak_button":1,"minecraft:crimson_planks":48,"minecraft:bedrock":283,"minecraft:red_carpet":1,"minecraft:purple_concrete":6,"minecraft:glowstone":6,"minecraft:repeater":2,"minecraft:lime_concrete":7,"minecraft:bow":79,"minecraft:warped_stairs":7,"minecraft:written_book":94,"minecraft:gold_block":59,"minecraft:stone_pressure_plate":2,"minecraft:water_bucket":5,"minecraft:warped_stem":19,"minecraft:red_stained_glass":3,"minecraft:oak_planks":1,"minecraft:blue_wool":3,"minecraft:ender_pearl":2,"minecraft:beacon":6,"minecraft:diamond_block":366,"minecraft:sand":1,"minecraft:comparator":21,"minecraft:light_blue_concrete":6,"minecraft:lingering_potion":165,"minecraft:end_stone":7,"minecraft:warped_planks":55,"minecraft:redstone_torch":25,"minecraft:netherite_block":2,"minecraft:black_concrete":6,"minecraft:crying_obsidian":281,"minecraft:command_block":83,"minecraft:oak_button":1,"minecraft:iron_pickaxe":11,"minecraft:stone_button":3,"minecraft:iron_door":2,"minecraft:crimson_sign":1,"minecraft:blue_carpet":2,"minecraft:fire_charge":24,"minecraft:cobblestone":7,"minecraft:potion":4,"minecraft:crimson_stairs":6,"minecraft:chain_command_block":12,"minecraft:repeating_command_block":81,"minecraft:white_concrete":6,"minecraft:splash_potion":205,"minecraft:golden_pickaxe":14},"minecraft:picked_up":{"minecraft:wooden_axe":3,"minecraft:splash_potion":2,"minecraft:leather_leggings":1,"minecraft:golden_pickaxe":1,"minecraft:potion":7,"minecraft:acacia_button":9,"minecraft:blue_concrete":1,"minecraft:golden_sword":1,"minecraft:flint_and_steel":2,"minecraft:oak_sign":3,"minecraft:detector_rail":2,"minecraft:comparator":81,"minecraft:smooth_quartz":1,"minecraft:poppy":1,"minecraft:redstone_torch":4,"minecraft:written_book":3,"minecraft:chest":2,"minecraft:oak_door":1,"minecraft:torch":16,"minecraft:stone_button":2,"minecraft:redstone":123,"minecraft:blue_carpet":2,"minecraft:stone_pressure_plate":1,"minecraft:command_block":6,"minecraft:repeating_command_block":1,"minecraft:iron_block":2,"minecraft:warped_sign":1,"minecraft:obsidian":1,"minecraft:rail":8,"minecraft:cobblestone":11,"minecraft:golden_carrot":2,"minecraft:iron_door":1,"minecraft:leather":2,"minecraft:potato":7,"minecraft:bedrock":1,"minecraft:name_tag":1,"minecraft:glass":1,"minecraft:red_carpet":2,"minecraft:apple":6,"minecraft:wheat_seeds":4,"minecraft:iron_ingot":3,"minecraft:dandelion":1,"minecraft:sand":1,"minecraft:grass_block":1,"minecraft:crying_obsidian":2,"minecraft:leather_helmet":1,"minecraft:diamond":2,"minecraft:golden_horse_armor":1,"minecraft:bread":3,"minecraft:oak_sapling":2,"minecraft:melon_seeds":2,"minecraft:red_concrete":1,"minecraft:coal":4},"minecraft:dropped":{"minecraft:iron_ingot":3,"minecraft:repeating_command_block":1,"minecraft:wheat_seeds":1,"minecraft:golden_pickaxe":1,"minecraft:diamond":2,"minecraft:golden_horse_armor":1,"minecraft:command_block":6,"minecraft:grass_block":4,"minecraft:rail":8,"minecraft:coal":4,"minecraft:lava_bucket":1,"minecraft:iron_block":1,"minecraft:dirt":1,"minecraft:grass":1,"minecraft:golden_carrot":2,"minecraft:torch":16,"minecraft:wooden_axe":1,"minecraft:potion":7,"minecraft:sand":1,"minecraft:redstone":123,"minecraft:oak_door":1,"minecraft:detector_rail":2,"minecraft:obsidian":1,"minecraft:comparator":81,"minecraft:name_tag":1,"minecraft:oak_sign":1,"minecraft:acacia_button":8,"minecraft:flint_and_steel":1,"minecraft:stone":1,"minecraft:melon_seeds":2,"minecraft:golden_sword":1,"minecraft:crying_obsidian":2,"minecraft:written_book":3,"minecraft:splash_potion":3}},"DataVersion":2567}