{"stats":{"minecraft:killed":{"minecraft:wandering_trader":1,"minecraft:villager":2},"minecraft:picked_up":{"minecraft:splash_potion":2,"minecraft:golden_carrot":2,"minecraft:iron_door":1,"minecraft:golden_pickaxe":1,"minecraft:leather_leggings":1,"minecraft:leather":2,"minecraft:potato":7,"minecraft:potion":7,"minecraft:bedrock":1,"minecraft:acacia_button":8,"minecraft:golden_sword":1,"minecraft:blue_concrete":1,"minecraft:name_tag":1,"minecraft:flint_and_steel":2,"minecraft:red_carpet":2,"minecraft:glass":1,"minecraft:oak_sign":1,"minecraft:apple":6,"minecraft:comparator":81,"minecraft:wheat_seeds":4,"minecraft:detector_rail":2,"minecraft:iron_ingot":3,"minecraft:redstone_torch":4,"minecraft:written_book":3,"minecraft:poppy":1,"minecraft:smooth_quartz":1,"minecraft:chest":1,"minecraft:oak_door":1,"minecraft:torch":16,"minecraft:dandelion":1,"minecraft:sand":1,"minecraft:stone_button":2,"minecraft:grass_block":1,"minecraft:redstone":123,"minecraft:crying_obsidian":2,"minecraft:stone_pressure_plate":1,"minecraft:blue_carpet":2,"minecraft:leather_helmet":1,"minecraft:repeating_command_block":1,"minecraft:command_block":6,"minecraft:diamond":2,"minecraft:iron_block":2,"minecraft:warped_sign":1,"minecraft:golden_horse_armor":1,"minecraft:bread":3,"minecraft:oak_sapling":2,"minecraft:melon_seeds":2,"minecraft:red_concrete":1,"minecraft:obsidian":1,"minecraft:coal":4,"minecraft:rail":8,"minecraft:wooden_axe":2},"minecraft:custom":{"minecraft:mob_kills":3,"minecraft:play_one_minute":392868,"minecraft:leave_game":18,"minecraft:time_since_death":14956,"minecraft:time_since_rest":14981,"minecraft:sprint_one_cm":511155,"minecraft:damage_taken":240,"minecraft:walk_one_cm":507687,"minecraft:drop":205,"minecraft:damage_dealt":6018,"minecraft:interact_with_beacon":2,"minecraft:swim_one_cm":11140,"minecraft:talked_to_villager":10,"minecraft:fly_one_cm":5705051,"minecraft:open_chest":12,"minecraft:crouch_one_cm":12951,"minecraft:deaths":84,"minecraft:sneak_time":6434,"minecraft:walk_under_water_one_cm":27632,"minecraft:jump":2044,"minecraft:walk_on_water_one_cm":25991,"minecraft:fall_one_cm":5003},"minecraft:used":{"minecraft:water_bucket":5,"minecraft:warped_stem":19,"minecraft:crimson_fence":2,"minecraft:orange_concrete":6,"minecraft:flint_and_steel":6,"minecraft:red_concrete":46,"minecraft:red_stained_glass":3,"minecraft:redstone":16,"minecraft:oak_planks":1,"minecraft:oak_sign":23,"minecraft:ender_pearl":2,"minecraft:chest":2,"minecraft:stone":101,"minecraft:brown_concrete":17,"minecraft:warped_sign":4,"minecraft:beacon":6,"minecraft:oak_door":3,"minecraft:dirt":9,"minecraft:diamond_block":345,"minecraft:sand":1,"minecraft:comparator":21,"minecraft:blue_stained_glass":8,"minecraft:light_blue_concrete":6,"minecraft:acacia_button":4,"minecraft:lingering_potion":158,"minecraft:blue_concrete":41,"minecraft:warped_planks":55,"minecraft:redstone_torch":25,"minecraft:glass":44,"minecraft:wooden_axe":20,"minecraft:netherite_block":2,"minecraft:black_concrete":6,"minecraft:lava_bucket":5,"minecraft:crying_obsidian":281,"minecraft:command_block":66,"minecraft:iron_block":531,"minecraft:grass_block":302,"minecraft:stone_button":3,"minecraft:warped_fence":52,"minecraft:oak_button":1,"minecraft:fire_charge":3,"minecraft:dark_oak_button":1,"minecraft:repeater":2,"minecraft:smooth_quartz":10,"minecraft:iron_door":2,"minecraft:crimson_planks":47,"minecraft:purple_concrete":6,"minecraft:potion":4,"minecraft:crimson_sign":1,"minecraft:bedrock":281,"minecraft:glowstone":6,"minecraft:blue_carpet":2,"minecraft:cobblestone":4,"minecraft:warped_stairs":7,"minecraft:red_carpet":1,"minecraft:bow":37,"minecraft:lime_concrete":7,"minecraft:written_book":34,"minecraft:crimson_stairs":6,"minecraft:chain_command_block":3,"minecraft:gold_block":59,"minecraft:repeating_command_block":57,"minecraft:stone_pressure_plate":2,"minecraft:white_concrete":6,"minecraft:splash_potion":175},"minecraft:dropped":{"minecraft:oak_door":1,"minecraft:iron_ingot":3,"minecraft:repeating_command_block":1,"minecraft:wheat_seeds":1,"minecraft:detector_rail":2,"minecraft:golden_pickaxe":1,"minecraft:diamond":2,"minecraft:golden_horse_armor":1,"minecraft:obsidian":1,"minecraft:comparator":81,"minecraft:name_tag":1,"minecraft:command_block":6,"minecraft:rail":8,"minecraft:grass_block":4,"minecraft:coal":4,"minecraft:acacia_button":8,"minecraft:flint_and_steel":1,"minecraft:lava_bucket":1,"minecraft:iron_block":1,"minecraft:dirt":1,"minecraft:grass":1,"minecraft:stone":1,"minecraft:golden_carrot":2,"minecraft:torch":16,"minecraft:wooden_axe":1,"minecraft:melon_seeds":2,"minecraft:golden_sword":1,"minecraft:potion":7,"minecraft:sand":1,"minecraft:crying_obsidian":2,"minecraft:written_book":3,"minecraft:splash_potion":3,"minecraft:redstone":123},"minecraft:mined":{"minecraft:warped_sign":2,"minecraft:grass":1}},"DataVersion":2567}